Fecha,Nombre de la Campa√±a,Region,Clicks,Impresiones,Views,Costo
12/24/2023,CursosDeProgramacion,Oeste,26148,133468,21979,606
11/11/2023,AprendeCSharpFacil,Norte,34586,340290,49146,495
5/24/2024,CodigoFacilitoEnEspanol,Norte,20337,343710,32831,1655
9/5/2023,AprendePythonFacil,Sur,45332,279000,15840,991
6/19/2024,CodigoFacilitoEnEspanol,Este,36817,462135,42041,1784
8/22/2023,AprendeJavaScriptYA,Norte,39359,440556,5551,205
4/10/2024,AprendeJavaScriptYA,Norte,24900,338969,8259,134
10/6/2023,AprendeCSharpFacil,Oeste,8161,301356,14102,742
3/12/2024,CursosDeProgramacion,Oeste,32254,206296,6448,726
1/23/2024,CursoDeJavaAvanzado,Este,17853,92740,6913,458
8/25/2023,MasterEnPython,Oeste,20774,427615,19746,1071
2/15/2024,CursoDeJavaAvanzado,Norte,21897,400482,13804,1121
3/20/2024,CursosDeProgramacion,Norte,7761,178949,47475,862
1/22/2024,ProgramacionParaTodos,Oeste,49693,475089,30332,1395
1/5/2024,ProgramacionDesdeCero,Norte,26412,163082,46872,970
6/4/2024,CodigoFacilitoEnEspanol,Norte,40012,94110,41153,1699
5/21/2024,AprendePythonFacil,Este,24844,256404,30079,1074
3/31/2024,MasterEnPython,Norte,29111,356257,7041,1948
3/9/2024,CursoDeJavaAvanzado,Oeste,25164,182994,37985,1136
6/4/2024,DesarrolloWebCompleto,Oeste,49036,416554,22024,804
8/13/2023,CodigoFacilitoEnEspanol,Oeste,34765,198876,47672,405
4/4/2024,CursoDeJavaAvanzado,Oeste,5758,195911,38806,696
10/22/2023,CursosDeProgramacion,Este,42967,356762,7496,1722
6/18/2024,AprendePythonFacil,Sur,27776,51055,21373,158
7/8/2024,DesarrolloWebCompleto,Norte,10583,389812,34221,1972
6/1/2024,CodigoFacilitoEnEspanol,Oeste,36476,71583,35712,1298
2/28/2024,DesarrolloWebCompleto,Sur,47048,431736,36984,1454
3/3/2024,AprendeCSharpFacil,Norte,5654,10648,5784,744
5/9/2024,ProgramacionDesdeCero,Sur,28515,193882,38421,1078
7/23/2024,AprendeJavaScriptYA,Este,26493,118214,20740,1189
3/27/2024,CodigoFacilitoEnEspanol,Norte,47454,231613,45405,788
7/17/2024,CodigoFacilitoEnEspanol,Sur,19227,102855,6645,718
3/29/2024,CursoDeJavaAvanzado,Sur,14706,450264,33294,547
11/12/2023,AprendePythonFacil,Este,47432,321273,29981,1564
11/3/2023,AprendeJavaScriptYA,Oeste,35772,210854,14234,836
2/19/2024,ProgramacionDesdeCero,Norte,45961,415096,31350,873
11/13/2023,AprendeCSharpFacil,Oeste,47529,354530,21408,742
4/19/2024,DesarrolloWebCompleto,Norte,8471,482574,46244,696
6/9/2024,AprendeJavaScriptYA,Sur,40982,84182,13382,1157
3/10/2024,MasterEnPython,Norte,29286,170451,22374,118
1/19/2024,AprendePythonFacil,Sur,37221,16430,27746,1168
1/20/2024,CodigoFacilitoEnEspanol,Norte,42935,311636,43964,1010
1/22/2024,ProgramacionParaTodos,Este,34157,15066,33269,683
6/25/2024,ProgramacionParaTodos,Este,25044,164748,7319,407
6/26/2024,DesarrolloWebCompleto,Este,11193,110750,20756,1602
9/28/2023,DesarrolloWebCompleto,Norte,19950,31002,46708,1833
6/9/2024,AprendePythonFacil,Sur,6236,425340,25934,1514
10/28/2023,AprendeJavaScriptYA,Oeste,5564,5563,16095,1772
6/30/2024,AprendeJavaScriptYA,Norte,43471,490920,15345,648
3/17/2024,MasterEnPython,Sur,49239,165793,17876,1889
4/22/2024,CursosDeProgramacion,Norte,13362,157531,47034,517
5/13/2024,ProgramacionDesdeCero,Este,9548,107427,38841,1695
6/30/2024,ProgramacionParaTodos,Oeste,30418,346509,34367,1234
11/30/2023,DesarrolloWebCompleto,Este,36568,342245,45283,1778
3/15/2024,CodigoFacilitoEnEspanol,Oeste,29907,224119,43715,1427
1/27/2024,MasterEnPython,Este,18487,456659,10762,721
8/19/2023,AprendeCSharpFacil,Este,31249,232505,31442,816
3/9/2024,CodigoFacilitoEnEspanol,Sur,7493,404417,12996,666
2/29/2024,DesarrolloWebCompleto,Oeste,19398,111021,22445,1827
7/12/2024,AprendePythonFacil,Oeste,48336,234716,9516,1822
10/15/2023,AprendePythonFacil,Norte,8837,34954,18019,455
2/24/2024,AprendeJavaScriptYA,Sur,30559,299774,20999,825
6/13/2024,CursosDeProgramacion,Oeste,25279,50895,29975,1463
11/10/2023,ProgramacionDesdeCero,Oeste,11922,485690,31750,1989
9/24/2023,CodigoFacilitoEnEspanol,Oeste,36881,451692,11717,129
5/20/2024,AprendePythonFacil,Este,10055,273392,34708,888
6/30/2024,CodigoFacilitoEnEspanol,Este,28640,349934,38199,1637
4/4/2024,DesarrolloWebCompleto,Norte,44713,393026,30131,372
3/27/2024,AprendePythonFacil,Norte,8981,157582,36595,1187
1/25/2024,CursoDeJavaAvanzado,Norte,20530,318146,14441,1689
4/23/2024,CursoDeJavaAvanzado,Sur,46885,378640,35032,178
12/9/2023,CursoDeJavaAvanzado,Este,25755,464968,43608,372
12/29/2023,MasterEnPython,Este,37151,64434,16609,713
5/12/2024,DesarrolloWebCompleto,Oeste,13870,179738,49795,1599
5/29/2024,ProgramacionParaTodos,Sur,15057,290802,13270,1101
12/26/2023,AprendeCSharpFacil,Norte,40493,117904,26707,1116
9/5/2023,MasterEnPython,Este,35000,70546,38366,1983
1/24/2024,AprendeCSharpFacil,Este,40931,420975,7543,173
9/2/2023,DesarrolloWebCompleto,Sur,44422,481029,24094,772
5/9/2024,CursoDeJavaAvanzado,Sur,27964,236841,27533,559
10/30/2023,MasterEnPython,Norte,43028,39998,42763,1837
2/19/2024,AprendeJavaScriptYA,Norte,33265,250594,40133,1960
7/28/2024,MasterEnPython,Este,12759,85516,48625,1349
2/7/2024,CursosDeProgramacion,Este,14063,348207,31433,1065
4/2/2024,ProgramacionDesdeCero,Este,29151,326245,14170,364
8/15/2023,DesarrolloWebCompleto,Sur,15005,134446,37950,1898
5/19/2024,CodigoFacilitoEnEspanol,Norte,48086,203627,12443,138
5/29/2024,AprendeCSharpFacil,Sur,31664,104786,24615,795
7/1/2024,CursosDeProgramacion,Sur,20017,124371,37821,1015
10/17/2023,AprendeJavaScriptYA,Este,28731,187565,46658,1334
9/30/2023,MasterEnPython,Norte,10651,477033,14515,1528
2/24/2024,AprendeCSharpFacil,Oeste,15152,11819,44474,427
3/26/2024,CodigoFacilitoEnEspanol,Norte,43967,73242,47674,644
7/25/2024,DesarrolloWebCompleto,Este,8075,396766,12265,1835
7/7/2024,CodigoFacilitoEnEspanol,Norte,22899,46593,44606,1187
1/23/2024,CursoDeJavaAvanzado,Oeste,23855,384818,18835,229
12/17/2023,MasterEnPython,Oeste,46108,22779,21223,1195
10/19/2023,AprendePythonFacil,Norte,28925,348255,17454,1974
5/20/2024,DesarrolloWebCompleto,Oeste,14136,102905,38875,1971
6/14/2024,AprendePythonFacil,Sur,22284,329007,48629,1938
7/27/2024,CursosDeProgramacion,Sur,6428,151577,38916,159
11/15/2023,CursoDeJavaAvanzado,Oeste,5979,358826,6126,1168
7/7/2024,DesarrolloWebCompleto,Este,40957,444603,43199,1344
2/24/2024,CodigoFacilitoEnEspanol,Oeste,17844,395847,33896,870
2/10/2024,MasterEnPython,Este,22139,315539,12123,439
1/16/2024,MasterEnPython,Norte,48017,140533,36556,1014
6/29/2024,CursosDeProgramacion,Este,38953,469810,29584,995
4/7/2024,ProgramacionDesdeCero,Sur,20586,344823,27472,1523
5/6/2024,AprendeCSharpFacil,Este,19101,28632,23421,353
3/28/2024,MasterEnPython,Sur,13097,281145,36147,910
9/30/2023,CursosDeProgramacion,Oeste,29205,485595,19260,1257
6/27/2024,AprendeCSharpFacil,Este,22006,227671,37650,1839
1/19/2024,AprendeJavaScriptYA,Sur,13549,25526,20377,213
9/5/2023,CursosDeProgramacion,Sur,11943,15235,46896,479
3/13/2024,AprendeJavaScriptYA,Sur,14592,484634,7958,841
4/23/2024,AprendeCSharpFacil,Norte,27250,485422,29484,759
11/9/2023,AprendePythonFacil,Este,48907,105129,29753,1002
1/3/2024,CursosDeProgramacion,Oeste,47233,65128,16932,1333
10/6/2023,MasterEnPython,Este,41704,427054,14475,1910
8/25/2023,AprendePythonFacil,Este,6234,155481,25739,761
5/17/2024,CodigoFacilitoEnEspanol,Norte,14561,291611,9462,252
10/20/2023,AprendePythonFacil,Oeste,24395,96351,5157,875
4/21/2024,ProgramacionDesdeCero,Sur,9370,302492,37744,1249
10/11/2023,CursoDeJavaAvanzado,Oeste,25211,114535,8659,796
12/16/2023,ProgramacionDesdeCero,Oeste,22732,28363,31377,803
12/18/2023,CursoDeJavaAvanzado,Sur,33503,436603,29349,466
5/29/2024,ProgramacionParaTodos,Norte,12857,330437,30191,1863
4/24/2024,AprendeJavaScriptYA,Norte,11397,412292,15505,509
12/14/2023,MasterEnPython,Oeste,29512,22176,6459,641
1/20/2024,MasterEnPython,Norte,11691,351592,41499,137
9/20/2023,CursosDeProgramacion,Oeste,43769,201069,12882,1641
10/2/2023,AprendePythonFacil,Este,29652,471449,22526,1832
9/2/2023,AprendeJavaScriptYA,Norte,12791,54500,38331,1379
4/6/2024,CursosDeProgramacion,Norte,23294,282996,24528,239
1/7/2024,CodigoFacilitoEnEspanol,Sur,46128,205353,38895,1734
4/21/2024,CodigoFacilitoEnEspanol,Oeste,44536,365536,28824,407
6/3/2024,ProgramacionDesdeCero,Sur,27691,407145,12034,1404
1/1/2024,CodigoFacilitoEnEspanol,Oeste,15921,441081,23443,1525
1/20/2024,AprendeJavaScriptYA,Este,9511,107506,34191,1291
12/7/2023,DesarrolloWebCompleto,Este,12996,340559,15542,921
2/10/2024,AprendeJavaScriptYA,Oeste,47441,290016,19316,1421
5/18/2024,CodigoFacilitoEnEspanol,Sur,33544,337868,34909,904
6/26/2024,AprendeJavaScriptYA,Oeste,32928,80341,30678,1573
3/6/2024,AprendePythonFacil,Norte,44000,305094,14018,1856
12/4/2023,AprendeJavaScriptYA,Este,19175,103432,46434,1796
2/17/2024,DesarrolloWebCompleto,Este,47531,76091,49155,151
5/25/2024,AprendePythonFacil,Sur,23701,185716,43248,1909
6/26/2024,AprendeCSharpFacil,Este,32917,112493,7570,1968
2/7/2024,AprendePythonFacil,Sur,12786,401991,13626,388
11/27/2023,DesarrolloWebCompleto,Norte,21209,338962,45821,1605
8/30/2023,ProgramacionParaTodos,Norte,40947,118009,37161,1483
2/25/2024,CodigoFacilitoEnEspanol,Oeste,36621,149145,45645,437
7/2/2024,AprendePythonFacil,Oeste,19351,79587,40902,655
12/20/2023,DesarrolloWebCompleto,Norte,27213,173214,41129,403
2/28/2024,CursosDeProgramacion,Sur,27780,442073,5330,1054
8/20/2023,MasterEnPython,Norte,41833,379357,31635,698
11/23/2023,CursoDeJavaAvanzado,Este,14827,491364,30224,788
10/10/2023,CodigoFacilitoEnEspanol,Norte,44707,18023,36757,897
5/15/2024,AprendeCSharpFacil,Oeste,27232,496137,49765,200
7/9/2024,AprendePythonFacil,Oeste,8955,103256,26295,444
2/13/2024,CursosDeProgramacion,Oeste,27468,183753,41787,358
5/28/2024,AprendePythonFacil,Sur,28708,411926,20569,1544
12/15/2023,AprendeCSharpFacil,Norte,43672,195429,26026,252
8/9/2024,ProgramacionDesdeCero,Este,45278,49835,31935,534
3/25/2024,MasterEnPython,Oeste,14166,291170,33329,1256
11/18/2023,CursoDeJavaAvanzado,Norte,16482,257260,21028,1870
7/12/2024,CursosDeProgramacion,Sur,39872,265021,21379,570
9/9/2023,ProgramacionParaTodos,Este,22477,233948,17754,299
1/22/2024,MasterEnPython,Este,48785,141066,40599,520
8/10/2024,CursoDeJavaAvanzado,Norte,40266,359320,10677,1943
4/19/2024,AprendeCSharpFacil,Este,12110,485228,10174,1046
4/6/2024,CursoDeJavaAvanzado,Oeste,31057,179812,11160,1629
8/24/2023,AprendePythonFacil,Norte,22956,184108,6322,1375
6/16/2024,ProgramacionDesdeCero,Este,32500,53792,44183,1982
11/16/2023,CodigoFacilitoEnEspanol,Norte,13506,38407,6753,1518
9/24/2023,ProgramacionParaTodos,Oeste,16787,52975,19669,196
11/27/2023,AprendeCSharpFacil,Oeste,8665,136843,9246,1595
4/23/2024,AprendePythonFacil,Norte,41091,30873,46682,767
11/17/2023,CursosDeProgramacion,Sur,39705,244416,19264,1320
12/18/2023,CursoDeJavaAvanzado,Oeste,9199,494277,28425,1584
12/2/2023,CodigoFacilitoEnEspanol,Oeste,28783,35037,38663,1743
7/8/2024,CodigoFacilitoEnEspanol,Sur,44006,458221,12265,742
5/19/2024,MasterEnPython,Oeste,48016,102687,6419,742
4/24/2024,CursoDeJavaAvanzado,Sur,15710,9825,36737,715
4/28/2024,AprendeJavaScriptYA,Norte,24047,308436,20499,221
5/30/2024,ProgramacionParaTodos,Sur,8997,212040,27660,372
3/3/2024,CursosDeProgramacion,Norte,20211,50727,10991,573
8/11/2023,DesarrolloWebCompleto,Este,48925,73605,10735,1962
1/1/2024,CursoDeJavaAvanzado,Oeste,15325,108214,49528,273
4/30/2024,CursosDeProgramacion,Este,7225,328736,5510,797
2/10/2024,CodigoFacilitoEnEspanol,Norte,30697,91000,49836,257
6/16/2024,AprendePythonFacil,Este,41720,315816,41016,1452
11/29/2023,CursoDeJavaAvanzado,Norte,37975,283531,30930,446
8/21/2023,AprendeJavaScriptYA,Este,39868,209561,46728,1275
4/28/2024,DesarrolloWebCompleto,Norte,45032,196403,5051,946
6/20/2024,ProgramacionDesdeCero,Norte,18983,241383,23334,1405
12/19/2023,CursosDeProgramacion,Sur,32013,53658,33919,1883
5/14/2024,CursosDeProgramacion,Sur,9834,416727,12695,561
5/26/2024,AprendePythonFacil,Norte,19953,43204,35759,991
5/31/2024,DesarrolloWebCompleto,Norte,19522,105869,18707,1439
3/10/2024,ProgramacionDesdeCero,Sur,13972,447338,15355,630
2/5/2024,CursoDeJavaAvanzado,Oeste,33728,147790,32162,998
11/5/2023,AprendePythonFacil,Oeste,6124,111451,10043,1240
3/20/2024,ProgramacionParaTodos,Sur,30095,392846,18152,1456
3/15/2024,MasterEnPython,Este,38310,74048,18087,1162
3/9/2024,CursosDeProgramacion,Oeste,48614,124857,27003,360
5/22/2024,CursoDeJavaAvanzado,Sur,13715,499070,16774,1717
12/6/2023,AprendeCSharpFacil,Este,22166,80353,17657,767
7/22/2024,AprendeJavaScriptYA,Sur,17626,239926,27715,782
5/17/2024,CodigoFacilitoEnEspanol,Oeste,5147,409169,25317,1123
3/21/2024,CursosDeProgramacion,Sur,24926,400795,21931,1743
5/1/2024,DesarrolloWebCompleto,Norte,38052,16639,43309,1088
9/16/2023,CursoDeJavaAvanzado,Oeste,34587,105670,8042,831
6/24/2024,DesarrolloWebCompleto,Este,22263,197440,27121,1845
8/28/2023,CursoDeJavaAvanzado,Oeste,16400,12716,22861,1347
12/23/2023,CursoDeJavaAvanzado,Oeste,37600,36237,9366,1433
2/19/2024,AprendeCSharpFacil,Sur,46802,211026,21363,1016
12/22/2023,ProgramacionDesdeCero,Sur,15052,9172,35915,813
7/1/2024,ProgramacionDesdeCero,Sur,32568,400232,8162,1803
11/14/2023,AprendePythonFacil,Este,5490,140962,23042,1359
12/8/2023,ProgramacionDesdeCero,Oeste,14944,131777,49403,534
12/12/2023,AprendeJavaScriptYA,Oeste,29678,213931,16701,970
5/8/2024,CursoDeJavaAvanzado,Este,41804,146150,13276,1727
10/8/2023,CursosDeProgramacion,Este,20496,6394,29281,1196
9/27/2023,AprendeCSharpFacil,Sur,47031,477076,21313,268
12/24/2023,DesarrolloWebCompleto,Este,10177,398818,11613,582
6/6/2024,CursosDeProgramacion,Sur,36350,270672,7262,1797
7/15/2024,AprendePythonFacil,Norte,31438,211939,47544,1523
9/21/2023,ProgramacionParaTodos,Sur,16503,190895,37709,1148
11/25/2023,CursosDeProgramacion,Este,29250,134314,35403,618
1/18/2024,ProgramacionParaTodos,Oeste,40389,279620,33317,1446
6/6/2024,CursosDeProgramacion,Sur,47863,443331,28458,1806
8/29/2023,CodigoFacilitoEnEspanol,Oeste,10864,248204,21810,444
7/7/2024,ProgramacionDesdeCero,Este,7794,199406,9955,446
5/15/2024,AprendeJavaScriptYA,Norte,14141,9529,32303,1375
1/4/2024,CursosDeProgramacion,Sur,32988,234746,47509,881
10/29/2023,MasterEnPython,Oeste,30001,202278,16103,1699
11/9/2023,CursosDeProgramacion,Sur,29748,163235,48033,118
4/3/2024,CursoDeJavaAvanzado,Este,27333,185657,19901,335
11/10/2023,AprendeJavaScriptYA,Sur,25207,263999,5643,1850
11/18/2023,ProgramacionParaTodos,Oeste,32361,289276,13990,146
3/17/2024,DesarrolloWebCompleto,Norte,37000,304968,33580,727
8/13/2023,AprendeJavaScriptYA,Este,29259,332689,45099,1229
5/10/2024,ProgramacionParaTodos,Este,29277,40236,16416,1609
4/24/2024,AprendeCSharpFacil,Sur,19011,353932,24633,620
9/7/2023,CursoDeJavaAvanzado,Este,22082,23023,25633,1024
10/10/2023,CursoDeJavaAvanzado,Norte,49760,136210,7773,1843
1/15/2024,DesarrolloWebCompleto,Norte,22479,169484,22773,1175
11/6/2023,CursosDeProgramacion,Oeste,11798,94047,8802,1194
3/27/2024,CodigoFacilitoEnEspanol,Oeste,29494,394218,5801,130
10/19/2023,DesarrolloWebCompleto,Sur,43996,241450,41055,1305
1/26/2024,CursosDeProgramacion,Norte,42772,203801,37980,1110
5/28/2024,ProgramacionDesdeCero,Oeste,14434,10282,28163,1557
2/11/2024,MasterEnPython,Oeste,41478,468839,47200,1778
10/1/2023,AprendeCSharpFacil,Sur,31063,50910,42329,638
9/10/2023,ProgramacionParaTodos,Norte,48744,88638,39969,1778
9/11/2023,MasterEnPython,Sur,38924,233112,38539,669
1/19/2024,AprendeJavaScriptYA,Sur,31403,404075,22302,1411
9/9/2023,CursoDeJavaAvanzado,Oeste,30965,447593,34610,1067
11/3/2023,ProgramacionDesdeCero,Sur,16999,446242,30347,1539
8/3/2024,ProgramacionDesdeCero,Oeste,43413,371380,43702,831
8/16/2023,DesarrolloWebCompleto,Este,35991,288341,20293,1564
12/7/2023,AprendeCSharpFacil,Norte,30294,192344,11404,1592
1/9/2024,ProgramacionDesdeCero,Sur,20121,336641,20300,1831
4/7/2024,CodigoFacilitoEnEspanol,Oeste,49489,143474,8844,967
6/9/2024,DesarrolloWebCompleto,Oeste,30062,164732,49779,1842
4/27/2024,DesarrolloWebCompleto,Este,43956,160883,29574,280
9/13/2023,ProgramacionParaTodos,Oeste,16006,33779,13402,1894
3/25/2024,MasterEnPython,Sur,14319,332994,23399,351
6/15/2024,DesarrolloWebCompleto,Norte,41024,91240,21548,598
2/19/2024,AprendeCSharpFacil,Oeste,15902,445694,8461,177
9/15/2023,CursoDeJavaAvanzado,Sur,8075,277354,43933,393
11/14/2023,CursoDeJavaAvanzado,Este,41323,134668,33109,1405
2/2/2024,CodigoFacilitoEnEspanol,Sur,27093,124617,33293,101
9/14/2023,ProgramacionDesdeCero,Este,18697,127848,37295,1190
7/9/2024,ProgramacionParaTodos,Oeste,25179,81047,34155,309
6/2/2024,MasterEnPython,Sur,38910,339674,33775,819
11/9/2023,AprendeJavaScriptYA,Sur,41016,28025,44143,1987
7/9/2024,ProgramacionDesdeCero,Norte,37342,217611,30850,958
5/19/2024,AprendePythonFacil,Norte,19457,267685,47951,1135
11/19/2023,ProgramacionParaTodos,Sur,7553,93971,17958,438
9/8/2023,CodigoFacilitoEnEspanol,Sur,22257,365323,49056,887
11/6/2023,ProgramacionParaTodos,Oeste,25857,104392,11927,1499
11/25/2023,CodigoFacilitoEnEspanol,Este,43818,215588,14704,1161
6/24/2024,ProgramacionDesdeCero,Este,41509,381382,29491,148
10/2/2023,ProgramacionDesdeCero,Norte,24765,61834,24292,116
4/22/2024,AprendeJavaScriptYA,Este,12231,373700,45100,1535
5/15/2024,CursoDeJavaAvanzado,Sur,36729,142566,17016,646
12/4/2023,MasterEnPython,Oeste,19683,209481,36374,462
6/12/2024,ProgramacionDesdeCero,Sur,18794,44226,11525,244
4/8/2024,CursosDeProgramacion,Norte,48174,61418,5641,269
8/29/2023,AprendePythonFacil,Norte,49526,135880,34393,962
2/26/2024,MasterEnPython,Este,28363,382252,13323,1885
1/20/2024,DesarrolloWebCompleto,Sur,44709,111210,23790,381
3/15/2024,AprendeCSharpFacil,Sur,33429,101813,31941,1306
7/31/2024,CursoDeJavaAvanzado,Sur,35692,414976,13565,1568
4/7/2024,AprendeJavaScriptYA,Este,37747,114579,47848,1793
9/20/2023,AprendeCSharpFacil,Norte,8603,441225,13457,402
12/23/2023,AprendeJavaScriptYA,Oeste,24607,63957,20180,444
2/14/2024,AprendeCSharpFacil,Sur,20127,394401,15593,1993
1/25/2024,AprendeCSharpFacil,Oeste,32146,127134,10147,952
10/7/2023,CursoDeJavaAvanzado,Sur,7936,226445,41578,1570
5/2/2024,MasterEnPython,Norte,41153,316549,41357,1132
1/16/2024,ProgramacionDesdeCero,Oeste,24012,29907,26585,580
4/17/2024,CodigoFacilitoEnEspanol,Este,49021,75267,32543,1057
3/29/2024,ProgramacionDesdeCero,Oeste,6352,237318,49838,971
6/11/2024,CursoDeJavaAvanzado,Este,23943,422112,6205,1759
4/17/2024,CodigoFacilitoEnEspanol,Oeste,27597,206973,42362,487
1/21/2024,AprendeJavaScriptYA,Sur,29901,286900,38135,243
9/25/2023,AprendeCSharpFacil,Sur,26102,213694,47443,675
5/31/2024,AprendeJavaScriptYA,Oeste,21485,27543,25643,311
1/7/2024,CursoDeJavaAvanzado,Oeste,23510,252047,49794,122
12/9/2023,DesarrolloWebCompleto,Sur,22019,23338,27279,1910
12/6/2023,CursoDeJavaAvanzado,Oeste,32532,444186,28726,1012
8/26/2023,AprendeJavaScriptYA,Este,12647,496119,41218,714
7/14/2024,CursosDeProgramacion,Norte,22114,247486,23409,1604
12/27/2023,AprendePythonFacil,Oeste,26243,325068,26472,1455
9/17/2023,ProgramacionDesdeCero,Sur,37866,367946,45088,446
10/14/2023,CursosDeProgramacion,Este,31003,66923,42963,791
5/9/2024,AprendeCSharpFacil,Este,20143,357318,46118,1366
7/7/2024,MasterEnPython,Oeste,10466,125957,27537,437
1/5/2024,DesarrolloWebCompleto,Este,47693,364511,36425,470
10/31/2023,ProgramacionParaTodos,Este,26694,399227,18176,1690
4/28/2024,ProgramacionParaTodos,Norte,36465,93510,16972,294
11/12/2023,ProgramacionDesdeCero,Este,13513,417234,36268,1881
2/10/2024,AprendePythonFacil,Oeste,5854,266071,25819,644
10/18/2023,MasterEnPython,Sur,39283,430848,12397,772
5/3/2024,CodigoFacilitoEnEspanol,Sur,47275,222021,48119,1210
3/29/2024,MasterEnPython,Oeste,9329,357120,10360,765
3/2/2024,AprendeCSharpFacil,Norte,14186,311472,7160,1738
5/10/2024,AprendeCSharpFacil,Norte,27715,428740,49034,1038
11/29/2023,MasterEnPython,Este,17038,154892,8439,1610
1/25/2024,AprendeCSharpFacil,Norte,25891,99046,9118,976
2/1/2024,AprendePythonFacil,Oeste,37008,452102,44413,1257
4/22/2024,AprendeCSharpFacil,Oeste,49595,446279,21482,1562
12/9/2023,CursoDeJavaAvanzado,Sur,15390,177711,34466,1727
8/30/2023,ProgramacionParaTodos,Norte,45708,144099,38781,1689
1/28/2024,AprendePythonFacil,Oeste,5653,399984,23625,1103
2/13/2024,AprendePythonFacil,Este,34251,106588,25255,1654
6/22/2024,CursoDeJavaAvanzado,Este,34774,214852,5665,1461
11/24/2023,CursosDeProgramacion,Sur,19759,417305,22237,1036
3/17/2024,AprendeJavaScriptYA,Norte,25781,87602,5101,180
6/3/2024,AprendeCSharpFacil,Norte,15550,257925,32820,1300
5/14/2024,AprendePythonFacil,Oeste,9897,233083,15965,1998
6/22/2024,DesarrolloWebCompleto,Este,27459,419432,19077,1915
5/5/2024,CodigoFacilitoEnEspanol,Norte,38690,120608,12176,1933
5/17/2024,CodigoFacilitoEnEspanol,Sur,8899,157417,44245,103
5/9/2024,DesarrolloWebCompleto,Norte,28570,262763,35682,951
6/22/2024,AprendePythonFacil,Oeste,31950,115889,47736,1139
4/15/2024,CursoDeJavaAvanzado,Oeste,44942,387790,12452,1601
9/14/2023,AprendePythonFacil,Sur,42611,42950,22129,323
3/16/2024,AprendePythonFacil,Norte,24316,84868,16501,315
11/7/2023,CodigoFacilitoEnEspanol,Norte,43793,387249,13511,377
10/22/2023,AprendeCSharpFacil,Oeste,36512,39885,22618,1030
6/4/2024,MasterEnPython,Sur,46643,204717,47640,1752
10/6/2023,AprendeCSharpFacil,Oeste,46876,390882,31119,487
7/21/2024,ProgramacionDesdeCero,Oeste,37579,170268,43996,1098
10/25/2023,ProgramacionDesdeCero,Sur,27332,124001,37059,1133
9/29/2023,ProgramacionDesdeCero,Norte,37439,195647,42649,880
4/7/2024,ProgramacionParaTodos,Este,24599,394852,28551,1159
2/4/2024,AprendeCSharpFacil,Norte,25311,18019,38832,1418
8/28/2023,AprendeJavaScriptYA,Sur,25829,87780,18347,1715
4/12/2024,MasterEnPython,Este,41281,452868,18845,1688
12/8/2023,MasterEnPython,Sur,27451,11609,23318,774
4/26/2024,ProgramacionParaTodos,Este,34298,135848,33718,248
10/6/2023,CursosDeProgramacion,Norte,20895,391347,15374,1533
3/30/2024,CursosDeProgramacion,Sur,40504,52269,16395,202
12/18/2023,CursosDeProgramacion,Este,29580,39653,17484,1551
6/28/2024,ProgramacionParaTodos,Sur,46130,33484,47402,780
10/16/2023,AprendeCSharpFacil,Este,39652,198705,17984,1631
3/22/2024,DesarrolloWebCompleto,Norte,8487,404701,18129,1592
2/18/2024,ProgramacionParaTodos,Oeste,43585,10131,44935,870
12/20/2023,CursoDeJavaAvanzado,Norte,27914,114890,23434,1911
11/5/2023,AprendeCSharpFacil,Norte,6590,205970,29202,1241
12/13/2023,MasterEnPython,Norte,42021,357080,49617,1033
3/14/2024,ProgramacionParaTodos,Sur,29695,275711,17617,476
4/14/2024,CursoDeJavaAvanzado,Este,36351,19814,14587,789
3/21/2024,CursosDeProgramacion,Oeste,8371,287789,42218,391
11/26/2023,CursosDeProgramacion,Norte,17816,386508,42831,1281
11/5/2023,CursoDeJavaAvanzado,Este,8859,61776,40135,1514
3/28/2024,AprendePythonFacil,Oeste,30920,98399,21804,1501
12/13/2023,CodigoFacilitoEnEspanol,Norte,12233,192899,27226,751
7/17/2024,CursosDeProgramacion,Este,40042,92235,20870,1843
12/22/2023,AprendeJavaScriptYA,Sur,23252,249086,49046,1780
11/6/2023,CodigoFacilitoEnEspanol,Oeste,45579,449573,14454,279
10/5/2023,ProgramacionParaTodos,Norte,27199,386460,10587,1792
2/23/2024,CursoDeJavaAvanzado,Oeste,14166,358767,14088,1633
4/18/2024,AprendePythonFacil,Oeste,14134,410512,46574,1095
1/1/2024,AprendeCSharpFacil,Oeste,46364,204847,34808,317
2/7/2024,DesarrolloWebCompleto,Norte,5996,341057,24792,477
8/3/2024,ProgramacionDesdeCero,Sur,43106,118054,24520,1872
8/13/2023,CursoDeJavaAvanzado,Sur,32490,203459,29453,1653
6/9/2024,ProgramacionDesdeCero,Este,20293,417390,12412,1746
4/28/2024,DesarrolloWebCompleto,Norte,47007,486889,45738,1001
12/17/2023,ProgramacionDesdeCero,Oeste,35009,383671,16390,842
7/12/2024,CursoDeJavaAvanzado,Oeste,33170,373370,39777,1312
1/1/2024,AprendeCSharpFacil,Sur,44659,20517,28894,1110
1/5/2024,MasterEnPython,Sur,31509,124913,11508,1274
8/20/2023,DesarrolloWebCompleto,Norte,8309,471594,47089,154
3/10/2024,ProgramacionParaTodos,Este,45286,267607,49132,1764
11/21/2023,CursoDeJavaAvanzado,Sur,23375,56452,16067,1229
4/8/2024,DesarrolloWebCompleto,Sur,43911,432743,44156,1160
9/13/2023,ProgramacionDesdeCero,Sur,10735,23099,11969,991
12/27/2023,CursoDeJavaAvanzado,Norte,7241,443627,28386,1310
7/5/2024,CodigoFacilitoEnEspanol,Sur,22835,383473,15048,1618
4/12/2024,CursoDeJavaAvanzado,Este,29335,414617,43870,1265
9/8/2023,DesarrolloWebCompleto,Oeste,33987,268894,19933,940
10/19/2023,ProgramacionParaTodos,Norte,29377,216281,39567,1851
4/2/2024,MasterEnPython,Norte,33963,354987,46217,810
3/9/2024,AprendeCSharpFacil,Norte,16400,169095,32640,460
3/30/2024,AprendeCSharpFacil,Oeste,45437,283180,25048,1288
10/6/2023,AprendeJavaScriptYA,Sur,9334,170978,20776,1368
3/14/2024,AprendeJavaScriptYA,Oeste,34946,16831,22451,238
12/6/2023,AprendePythonFacil,Norte,44718,8681,21822,1726
5/31/2024,DesarrolloWebCompleto,Sur,27449,37143,48183,1269
12/12/2023,CursoDeJavaAvanzado,Norte,5367,296109,32445,1459
5/6/2024,AprendeJavaScriptYA,Norte,33775,55138,46647,1419
8/21/2023,AprendePythonFacil,Este,40403,258196,45593,710
5/10/2024,CursosDeProgramacion,Oeste,6549,108094,30696,1703
1/5/2024,DesarrolloWebCompleto,Norte,13660,236941,23784,643
5/10/2024,ProgramacionParaTodos,Este,25828,457509,6656,111
8/9/2024,CursosDeProgramacion,Sur,27575,336994,34700,285
8/12/2023,CodigoFacilitoEnEspanol,Este,48671,241520,14032,1469
5/8/2024,ProgramacionDesdeCero,Sur,22658,11965,16879,303
7/26/2024,CursoDeJavaAvanzado,Oeste,39872,131693,11462,1202
2/15/2024,AprendeJavaScriptYA,Sur,28558,347009,35229,1424
1/14/2024,DesarrolloWebCompleto,Sur,18795,111274,6953,1368
10/2/2023,ProgramacionParaTodos,Norte,6125,159539,5499,157
3/14/2024,MasterEnPython,Oeste,48594,290772,41774,1231
4/25/2024,ProgramacionDesdeCero,Oeste,31708,296899,5401,972
10/4/2023,CursosDeProgramacion,Oeste,16691,397167,30162,107
1/5/2024,ProgramacionDesdeCero,Sur,30456,130849,36155,1650
2/6/2024,ProgramacionParaTodos,Oeste,20937,308496,9229,1147
5/13/2024,CursoDeJavaAvanzado,Sur,45701,200103,20413,1941
12/28/2023,ProgramacionDesdeCero,Norte,11445,297646,35121,1346
1/17/2024,AprendePythonFacil,Oeste,26828,161849,18542,142
9/16/2023,AprendeCSharpFacil,Norte,13315,106868,13782,708
4/14/2024,AprendePythonFacil,Oeste,20743,21075,32297,1264
1/26/2024,AprendeCSharpFacil,Este,46407,483835,33489,489
2/1/2024,CursoDeJavaAvanzado,Sur,22346,291247,41274,806
7/2/2024,DesarrolloWebCompleto,Norte,6199,10775,48630,1777
6/25/2024,AprendeCSharpFacil,Este,39088,319499,34150,793
12/28/2023,CursosDeProgramacion,Este,17382,343390,42587,131
1/15/2024,CursoDeJavaAvanzado,Oeste,49678,83755,33327,734
9/22/2023,AprendeCSharpFacil,Oeste,9789,457768,39396,537
7/27/2024,MasterEnPython,Oeste,42787,439177,6274,1271
12/11/2023,CursoDeJavaAvanzado,Norte,44522,383333,46296,1834
11/18/2023,DesarrolloWebCompleto,Norte,33562,113425,34202,1416
7/17/2024,CodigoFacilitoEnEspanol,Sur,18429,229681,30474,957
7/24/2024,AprendeJavaScriptYA,Oeste,22488,9574,8872,1689
4/6/2024,ProgramacionParaTodos,Norte,14221,304762,17204,1196
11/7/2023,CursosDeProgramacion,Norte,28533,169646,25505,1895
8/13/2023,ProgramacionDesdeCero,Oeste,44951,311541,35710,376
4/10/2024,CursoDeJavaAvanzado,Este,11563,95258,14942,1835
5/2/2024,DesarrolloWebCompleto,Este,45014,347612,22074,1549
8/10/2024,AprendePythonFacil,Este,41362,207513,30179,1842
3/5/2024,CodigoFacilitoEnEspanol,Oeste,10806,49025,38568,1468
8/1/2024,CodigoFacilitoEnEspanol,Sur,32820,245806,33792,1227
7/6/2024,AprendeCSharpFacil,Oeste,47988,329199,47148,1768
4/25/2024,AprendeJavaScriptYA,Norte,31869,397035,32107,327
1/6/2024,CursoDeJavaAvanzado,Oeste,8788,60888,18423,1335
12/24/2023,CursosDeProgramacion,Sur,39630,223537,10459,183
6/5/2024,ProgramacionDesdeCero,Oeste,35569,235093,49150,1629
11/12/2023,CursosDeProgramacion,Norte,18396,82486,25120,1482
7/8/2024,CursoDeJavaAvanzado,Sur,29298,164630,7170,1095
10/18/2023,AprendeCSharpFacil,Este,32530,198709,32061,679
9/5/2023,AprendeJavaScriptYA,Sur,46658,62731,11677,669
5/7/2024,AprendeCSharpFacil,Oeste,37269,231797,39788,773
7/1/2024,CursoDeJavaAvanzado,Sur,38801,6293,23696,1897
9/28/2023,DesarrolloWebCompleto,Sur,41950,360384,8021,1012
1/31/2024,AprendeCSharpFacil,Oeste,37436,138470,18621,1347
3/29/2024,ProgramacionDesdeCero,Este,18048,366939,26809,146
4/14/2024,ProgramacionDesdeCero,Este,43064,487319,32791,274
12/30/2023,AprendePythonFacil,Este,13282,421008,41817,1522
11/8/2023,AprendeCSharpFacil,Este,42473,480672,28266,1312
11/6/2023,DesarrolloWebCompleto,Sur,30787,109471,16980,1162
5/29/2024,AprendeJavaScriptYA,Oeste,16902,314621,5496,904
7/23/2024,AprendeCSharpFacil,Sur,17670,489242,39400,672
3/21/2024,DesarrolloWebCompleto,Este,49641,131761,36605,186
6/17/2024,CursoDeJavaAvanzado,Este,31168,338852,19261,1654
1/11/2024,ProgramacionParaTodos,Este,10979,364560,29852,1185
4/11/2024,AprendeJavaScriptYA,Oeste,45499,314951,44427,147
7/23/2024,CursosDeProgramacion,Este,20513,16245,45521,1909
8/10/2024,MasterEnPython,Este,32846,263793,49526,268
10/14/2023,AprendeJavaScriptYA,Norte,43790,211520,28317,803
3/19/2024,CodigoFacilitoEnEspanol,Sur,30672,60441,25425,315
10/28/2023,MasterEnPython,Oeste,33044,62544,25764,349
5/24/2024,AprendePythonFacil,Norte,11701,23837,24300,1594
1/5/2024,MasterEnPython,Oeste,49685,28882,41712,1802
4/5/2024,MasterEnPython,Sur,33872,378777,46606,725
10/11/2023,CursosDeProgramacion,Oeste,18690,485393,25541,713
6/22/2024,ProgramacionDesdeCero,Sur,26032,453614,23973,1664
3/13/2024,CursoDeJavaAvanzado,Este,34288,404483,30701,1361
1/10/2024,CodigoFacilitoEnEspanol,Oeste,48564,243173,36767,1350
2/12/2024,DesarrolloWebCompleto,Oeste,39880,112559,24264,541
8/7/2024,CursoDeJavaAvanzado,Oeste,7675,45786,7482,981
2/4/2024,CursoDeJavaAvanzado,Norte,34340,402032,36593,1773
6/6/2024,CursoDeJavaAvanzado,Norte,10529,365217,47469,1144
11/16/2023,ProgramacionDesdeCero,Este,24306,347835,16992,1500
5/2/2024,ProgramacionParaTodos,Norte,42708,415638,21202,1936
10/16/2023,AprendeJavaScriptYA,Oeste,23840,352015,9353,1645
12/9/2023,AprendeJavaScriptYA,Este,48364,495048,39506,1898
1/30/2024,CodigoFacilitoEnEspanol,Este,12156,12849,46797,1520
3/17/2024,CursosDeProgramacion,Sur,22799,37582,41088,808
5/6/2024,CodigoFacilitoEnEspanol,Oeste,21187,16955,21249,613
2/18/2024,AprendeCSharpFacil,Norte,36925,356536,42133,1116
2/14/2024,CodigoFacilitoEnEspanol,Este,5059,417768,6716,1029
8/3/2024,AprendeCSharpFacil,Oeste,39722,294375,24162,907
2/13/2024,CodigoFacilitoEnEspanol,Oeste,31871,468350,35072,756
8/30/2023,CursoDeJavaAvanzado,Oeste,28459,472115,48477,895
8/20/2023,ProgramacionParaTodos,Norte,47119,334371,44776,1530
10/24/2023,DesarrolloWebCompleto,Este,29555,103751,32414,1667
10/19/2023,DesarrolloWebCompleto,Sur,5496,446868,12707,1424
6/14/2024,AprendePythonFacil,Oeste,49920,34302,22307,1901
9/30/2023,AprendeJavaScriptYA,Este,40230,55633,41351,1558
9/28/2023,ProgramacionParaTodos,Este,38267,240443,26993,322
5/3/2024,CodigoFacilitoEnEspanol,Norte,19194,441627,5995,1040
4/24/2024,ProgramacionParaTodos,Oeste,32173,29017,34328,674
8/8/2024,CodigoFacilitoEnEspanol,Oeste,26567,40446,49511,1963
1/3/2024,CursosDeProgramacion,Oeste,33580,406089,40021,1793
5/16/2024,ProgramacionDesdeCero,Oeste,16371,52361,5050,258
7/6/2024,CursoDeJavaAvanzado,Sur,29834,344512,37414,154
6/20/2024,AprendePythonFacil,Sur,34485,450485,19172,1014
6/30/2024,ProgramacionParaTodos,Sur,48736,178862,28006,496
12/26/2023,MasterEnPython,Este,29784,79743,43020,556
5/9/2024,AprendeCSharpFacil,Sur,25353,187799,38669,866
12/23/2023,ProgramacionDesdeCero,Este,16551,132865,47728,1603
4/7/2024,MasterEnPython,Este,37651,455121,14823,1098
4/22/2024,AprendeCSharpFacil,Oeste,48416,95199,6827,1323
6/11/2024,CodigoFacilitoEnEspanol,Norte,25191,400715,45192,1421
3/2/2024,DesarrolloWebCompleto,Este,37872,158474,21134,1701
6/2/2024,DesarrolloWebCompleto,Sur,10232,56665,28423,728
7/27/2024,CursosDeProgramacion,Norte,10993,155570,8354,282
3/4/2024,AprendePythonFacil,Este,30613,411152,36213,424
10/18/2023,MasterEnPython,Este,41450,142414,18119,454
9/24/2023,MasterEnPython,Norte,21051,400127,29160,1000
9/17/2023,DesarrolloWebCompleto,Oeste,27514,295755,22372,394
6/13/2024,DesarrolloWebCompleto,Oeste,17244,215464,43385,1256
9/23/2023,AprendeCSharpFacil,Norte,13594,261666,40538,1127
12/8/2023,ProgramacionParaTodos,Este,9036,192203,9365,1302
4/24/2024,AprendeCSharpFacil,Sur,26037,485869,23771,1976
3/3/2024,CursoDeJavaAvanzado,Sur,44624,134645,16320,1992
9/16/2023,AprendePythonFacil,Oeste,31826,177441,20826,1960
4/27/2024,ProgramacionParaTodos,Este,20343,354908,40121,554
8/28/2023,CursoDeJavaAvanzado,Oeste,35332,449624,25480,1663
12/6/2023,CursosDeProgramacion,Norte,13122,190518,43895,1718
11/8/2023,MasterEnPython,Sur,41493,463500,39562,1888
1/28/2024,AprendeJavaScriptYA,Norte,9260,307238,6372,1048
1/19/2024,MasterEnPython,Oeste,46906,50582,17234,868
10/4/2023,CursoDeJavaAvanzado,Sur,29962,338558,11500,989
2/17/2024,AprendeJavaScriptYA,Oeste,6205,60655,18286,991
9/15/2023,AprendeCSharpFacil,Oeste,38213,320006,19059,1325
9/21/2023,MasterEnPython,Este,42710,342184,49365,796
3/30/2024,AprendeJavaScriptYA,Este,41839,242454,25509,224
1/19/2024,ProgramacionParaTodos,Sur,36340,166266,7177,893
10/31/2023,ProgramacionDesdeCero,Oeste,32053,337592,49570,1775
9/5/2023,ProgramacionParaTodos,Sur,46297,438646,26840,1203
1/27/2024,ProgramacionParaTodos,Este,47138,134214,22232,1303
5/13/2024,CursosDeProgramacion,Este,43231,330058,28639,1734
8/18/2023,ProgramacionDesdeCero,Norte,11583,383870,23356,526
11/14/2023,ProgramacionParaTodos,Este,10816,350367,19109,1013
11/1/2023,AprendeJavaScriptYA,Sur,42868,160494,36332,1184
1/16/2024,MasterEnPython,Este,20431,423594,36358,717
1/12/2024,CodigoFacilitoEnEspanol,Este,12403,97009,44275,594
2/15/2024,CodigoFacilitoEnEspanol,Oeste,49151,211592,8288,1160
6/29/2024,CursoDeJavaAvanzado,Sur,35087,462254,44319,296
10/9/2023,CursoDeJavaAvanzado,Norte,25388,403630,34359,1304
11/2/2023,AprendeJavaScriptYA,Norte,40179,224161,14523,1966
9/26/2023,AprendeCSharpFacil,Este,13492,59975,13804,1614
11/26/2023,DesarrolloWebCompleto,Norte,32383,115913,43375,1428
2/18/2024,AprendeJavaScriptYA,Sur,39967,278780,32577,857
1/19/2024,CodigoFacilitoEnEspanol,Sur,23765,427888,37147,1650
1/24/2024,CodigoFacilitoEnEspanol,Norte,28753,483627,26181,1119
8/8/2024,ProgramacionParaTodos,Oeste,32113,408908,32171,324
7/18/2024,CursoDeJavaAvanzado,Sur,32445,60817,10204,227
10/16/2023,ProgramacionDesdeCero,Este,20008,114873,14014,1036
2/15/2024,AprendeJavaScriptYA,Norte,22818,236675,27896,1985
8/10/2024,CodigoFacilitoEnEspanol,Sur,12175,447878,6059,236
12/25/2023,CursosDeProgramacion,Oeste,21114,18475,33974,743
3/5/2024,AprendeJavaScriptYA,Sur,15914,141957,12993,648
6/27/2024,DesarrolloWebCompleto,Este,12208,451831,6504,882
9/12/2023,CursosDeProgramacion,Sur,5988,391024,27724,103
6/17/2024,AprendeJavaScriptYA,Oeste,13433,177326,24428,783
9/4/2023,CursoDeJavaAvanzado,Este,25912,207020,27609,1110
4/4/2024,DesarrolloWebCompleto,Oeste,8176,107594,10722,389
4/1/2024,AprendeJavaScriptYA,Sur,8998,110792,35890,1685
7/12/2024,ProgramacionDesdeCero,Oeste,34874,367411,7795,925
1/13/2024,CursoDeJavaAvanzado,Este,23289,179654,21500,899
8/19/2023,AprendeJavaScriptYA,Sur,35530,310731,32483,126
5/10/2024,AprendeCSharpFacil,Norte,47144,188312,11574,1893
6/10/2024,ProgramacionDesdeCero,Norte,39748,74335,29487,441
8/26/2023,AprendeCSharpFacil,Norte,19916,391895,37266,1729
3/28/2024,AprendePythonFacil,Sur,36328,196532,41499,1173
9/21/2023,AprendeJavaScriptYA,Este,26358,246738,7885,1321
2/28/2024,CursoDeJavaAvanzado,Oeste,45994,63952,43254,445
10/3/2023,CodigoFacilitoEnEspanol,Norte,46009,140349,8110,1108
4/28/2024,MasterEnPython,Norte,16781,332324,46773,467
5/26/2024,DesarrolloWebCompleto,Sur,44352,295784,42472,1774
6/10/2024,DesarrolloWebCompleto,Oeste,39872,230823,20372,246
11/2/2023,AprendeCSharpFacil,Este,32702,327536,41678,1614
10/24/2023,DesarrolloWebCompleto,Este,46305,273276,41744,1970
10/22/2023,CodigoFacilitoEnEspanol,Norte,15789,366496,11096,635
5/12/2024,ProgramacionDesdeCero,Norte,48193,384579,16748,408
5/15/2024,ProgramacionParaTodos,Norte,29532,161039,8818,1758
3/14/2024,AprendeCSharpFacil,Norte,14893,222408,22101,105
4/9/2024,ProgramacionParaTodos,Este,44319,188573,38510,1512
3/9/2024,AprendeCSharpFacil,Oeste,12806,388746,5288,1231
12/19/2023,AprendePythonFacil,Sur,37414,321246,19883,695
5/2/2024,CodigoFacilitoEnEspanol,Este,19300,423876,15506,694
2/14/2024,ProgramacionParaTodos,Este,32425,363210,25585,515
7/25/2024,DesarrolloWebCompleto,Este,44367,373027,45725,799
4/7/2024,CodigoFacilitoEnEspanol,Oeste,10116,194750,49878,530
11/4/2023,AprendePythonFacil,Norte,40030,115250,30192,1384
5/7/2024,ProgramacionDesdeCero,Sur,35419,369361,36044,1961
6/6/2024,ProgramacionParaTodos,Norte,23597,58194,44301,192
3/18/2024,ProgramacionParaTodos,Este,40033,450003,17329,1162
12/19/2023,CursoDeJavaAvanzado,Oeste,22669,88323,12400,1025
12/5/2023,AprendeCSharpFacil,Sur,5548,86388,28380,238
11/28/2023,AprendePythonFacil,Sur,42398,377066,36263,574
11/3/2023,DesarrolloWebCompleto,Este,49500,268421,16391,1076
5/27/2024,MasterEnPython,Sur,43722,421122,12201,345
10/19/2023,MasterEnPython,Sur,5562,411378,40084,808
12/17/2023,CursosDeProgramacion,Sur,16073,434604,28840,243
1/23/2024,AprendePythonFacil,Norte,30467,19324,44500,291
3/4/2024,AprendePythonFacil,Sur,9666,245778,27056,1128
11/14/2023,CursosDeProgramacion,Este,6093,316147,14009,1173
7/22/2024,CursosDeProgramacion,Sur,31502,395162,40818,180
5/22/2024,CursosDeProgramacion,Norte,29313,410144,25506,1754
9/9/2023,ProgramacionParaTodos,Este,13169,310168,6106,292
3/19/2024,CursoDeJavaAvanzado,Este,12667,20583,39056,304
9/21/2023,AprendeCSharpFacil,Norte,43533,116770,6636,1464
4/24/2024,AprendeJavaScriptYA,Oeste,11183,87342,8427,692
6/25/2024,AprendeJavaScriptYA,Sur,34826,72034,47504,1707
7/9/2024,CursoDeJavaAvanzado,Norte,12679,161350,48293,492
10/10/2023,CodigoFacilitoEnEspanol,Sur,11195,254925,35547,1645
4/23/2024,AprendePythonFacil,Este,12639,483360,41714,748
5/9/2024,CursoDeJavaAvanzado,Sur,15806,350560,36978,1667
5/4/2024,CursoDeJavaAvanzado,Norte,47261,370408,36762,1178
6/18/2024,CursosDeProgramacion,Oeste,47192,209098,39971,1080
11/9/2023,ProgramacionParaTodos,Norte,30918,489015,14739,1470
8/11/2023,AprendeJavaScriptYA,Oeste,14721,76110,14990,758
8/20/2023,CursoDeJavaAvanzado,Sur,16221,55087,25471,1922
12/6/2023,CursosDeProgramacion,Este,18884,10283,14515,1468
9/1/2023,CursoDeJavaAvanzado,Oeste,33932,238268,9531,1174
10/29/2023,CursosDeProgramacion,Oeste,35786,156351,49212,1310
2/3/2024,AprendeJavaScriptYA,Norte,34712,317383,17756,705
12/23/2023,DesarrolloWebCompleto,Oeste,45232,446399,28034,1920
11/6/2023,ProgramacionDesdeCero,Sur,6341,431977,33209,780
12/28/2023,AprendePythonFacil,Este,47378,12584,26820,1777
6/20/2024,AprendeCSharpFacil,Oeste,26183,123291,21546,1581
8/31/2023,CursoDeJavaAvanzado,Oeste,29215,368908,30644,1811
2/12/2024,CodigoFacilitoEnEspanol,Oeste,46399,115550,26283,1587
12/6/2023,DesarrolloWebCompleto,Este,18630,307629,15983,1074
10/31/2023,DesarrolloWebCompleto,Sur,14846,108258,35486,1309
11/10/2023,ProgramacionParaTodos,Este,40771,35937,8222,1935
8/14/2023,AprendePythonFacil,Oeste,24238,187379,17597,1178
11/9/2023,ProgramacionDesdeCero,Norte,36477,261135,34345,1193
4/8/2024,DesarrolloWebCompleto,Sur,47197,478900,35061,1566
12/23/2023,ProgramacionParaTodos,Oeste,48033,252664,35549,1543
4/26/2024,AprendeJavaScriptYA,Sur,43460,391443,5482,474
8/25/2023,AprendeCSharpFacil,Este,38181,230306,14836,1388
6/25/2024,ProgramacionParaTodos,Oeste,45959,407738,41770,565
4/16/2024,AprendePythonFacil,Sur,39399,152439,40077,1879
1/25/2024,CodigoFacilitoEnEspanol,Norte,44678,395763,13358,1669
10/19/2023,CursosDeProgramacion,Norte,12370,491980,43182,752
1/9/2024,AprendeCSharpFacil,Este,48044,445918,19888,1846
6/16/2024,CursoDeJavaAvanzado,Este,9786,479232,44128,1700
4/15/2024,CodigoFacilitoEnEspanol,Este,31978,239124,41100,1290
8/28/2023,MasterEnPython,Norte,45033,196665,20566,401
12/10/2023,DesarrolloWebCompleto,Norte,8618,354969,38886,1505
4/10/2024,ProgramacionDesdeCero,Sur,8185,60754,17614,1971
12/5/2023,AprendePythonFacil,Este,43315,465789,46770,163
8/1/2024,ProgramacionParaTodos,Oeste,48671,50463,29952,1113
9/7/2023,AprendeJavaScriptYA,Oeste,29901,453724,5757,116
8/24/2023,AprendeCSharpFacil,Sur,33942,74509,30386,1323
4/6/2024,ProgramacionParaTodos,Norte,24978,259977,8941,1793
4/29/2024,AprendeJavaScriptYA,Este,8093,325129,23125,453
1/24/2024,AprendeJavaScriptYA,Sur,15326,310143,42729,244
6/27/2024,DesarrolloWebCompleto,Oeste,5501,277631,39505,1706
6/4/2024,ProgramacionParaTodos,Sur,25850,168844,28716,1824
12/24/2023,AprendeJavaScriptYA,Norte,49511,7454,21653,1411
11/5/2023,CursosDeProgramacion,Este,6933,365842,6785,1256
1/1/2024,ProgramacionParaTodos,Este,48696,353415,16676,1477
7/18/2024,AprendeCSharpFacil,Sur,29827,364842,43174,993
5/15/2024,CodigoFacilitoEnEspanol,Sur,48079,66620,17715,1117
6/10/2024,ProgramacionParaTodos,Oeste,43967,133348,16070,524
6/15/2024,DesarrolloWebCompleto,Este,12913,129023,42447,1623
11/20/2023,CursosDeProgramacion,Norte,33018,5843,20015,120
2/26/2024,CursoDeJavaAvanzado,Sur,17055,214078,30326,376
4/1/2024,AprendeJavaScriptYA,Sur,44794,435121,6819,1130
6/22/2024,AprendeJavaScriptYA,Sur,17505,301731,21676,519
3/10/2024,ProgramacionParaTodos,Este,22827,226190,27515,1341
4/10/2024,CursoDeJavaAvanzado,Oeste,32505,266381,38706,995
11/23/2023,CodigoFacilitoEnEspanol,Norte,17398,204953,30459,1396
9/9/2023,MasterEnPython,Este,5764,365923,44343,1012
3/25/2024,AprendeCSharpFacil,Sur,36502,13390,7671,1560
10/8/2023,AprendeJavaScriptYA,Oeste,8377,237794,17919,1456
6/12/2024,AprendePythonFacil,Norte,47677,350684,24044,1800
12/9/2023,ProgramacionDesdeCero,Este,43074,491294,27279,847
8/22/2023,CodigoFacilitoEnEspanol,Oeste,6875,448499,28300,1153
2/1/2024,ProgramacionDesdeCero,Oeste,11392,140683,41571,1381
5/7/2024,ProgramacionParaTodos,Sur,20912,211953,27705,221
1/31/2024,CursosDeProgramacion,Norte,41862,201429,12146,772
2/16/2024,CursosDeProgramacion,Norte,32773,70563,11373,614
11/3/2023,ProgramacionParaTodos,Sur,40776,141275,35653,536
5/28/2024,AprendePythonFacil,Norte,37825,38320,12162,1482
9/12/2023,AprendeCSharpFacil,Este,47246,20358,21384,1953
12/4/2023,AprendeJavaScriptYA,Oeste,49968,474492,5061,600
3/29/2024,ProgramacionDesdeCero,Sur,23022,112609,13698,304
4/23/2024,AprendePythonFacil,Oeste,17784,150497,22955,1796
11/25/2023,DesarrolloWebCompleto,Norte,31227,182009,45920,1783
1/26/2024,AprendeJavaScriptYA,Norte,21657,187069,20373,435
1/17/2024,AprendeJavaScriptYA,Norte,27136,167872,34972,1781
4/23/2024,AprendeCSharpFacil,Oeste,31471,207875,47381,1390
6/18/2024,MasterEnPython,Norte,20680,327097,43491,1690
8/27/2023,AprendeCSharpFacil,Norte,23126,420935,43903,1073
3/22/2024,MasterEnPython,Este,36441,103878,47638,1243
6/30/2024,ProgramacionParaTodos,Oeste,24164,67583,20429,798
7/6/2024,ProgramacionParaTodos,Este,10623,93710,21723,1001
2/24/2024,CodigoFacilitoEnEspanol,Este,11741,276359,16799,1681
12/1/2023,DesarrolloWebCompleto,Este,40271,302112,44313,179
4/7/2024,CodigoFacilitoEnEspanol,Sur,28666,130649,27519,1189
11/28/2023,ProgramacionParaTodos,Norte,45323,303126,37115,783
2/10/2024,CursosDeProgramacion,Este,40674,197938,6257,1286
12/17/2023,AprendeCSharpFacil,Oeste,27346,229033,9072,354
6/10/2024,ProgramacionDesdeCero,Sur,47381,114333,8582,837
10/28/2023,AprendePythonFacil,Sur,8905,11311,34828,1582
4/29/2024,CursosDeProgramacion,Norte,32424,94176,20020,349
5/1/2024,DesarrolloWebCompleto,Este,25878,494784,24396,655
2/19/2024,CodigoFacilitoEnEspanol,Oeste,28783,124750,6876,238
7/17/2024,AprendeCSharpFacil,Oeste,8686,255922,36922,280
11/9/2023,ProgramacionParaTodos,Oeste,5279,283438,31710,725
11/19/2023,AprendeCSharpFacil,Sur,49994,94354,29333,951
10/25/2023,AprendeCSharpFacil,Este,8595,498934,40228,1523
8/19/2023,CursoDeJavaAvanzado,Oeste,26471,294351,37966,258
9/9/2023,ProgramacionDesdeCero,Sur,41010,137127,45669,1831
11/12/2023,DesarrolloWebCompleto,Este,40797,226522,40581,943
3/7/2024,DesarrolloWebCompleto,Este,36325,415022,17404,303
2/20/2024,CursoDeJavaAvanzado,Oeste,23020,180609,33059,1092
8/23/2023,AprendePythonFacil,Norte,26832,351023,48976,434
6/10/2024,ProgramacionDesdeCero,Este,15677,129036,5031,1495
12/13/2023,MasterEnPython,Norte,29974,267476,33811,726
7/16/2024,ProgramacionDesdeCero,Este,39346,210731,33486,904
7/26/2024,AprendePythonFacil,Este,6777,457502,44910,1695
7/25/2024,AprendeJavaScriptYA,Norte,44306,284293,20945,116
2/11/2024,MasterEnPython,Norte,11746,13971,48901,536
8/19/2023,AprendeJavaScriptYA,Oeste,40109,30053,32097,240
12/2/2023,DesarrolloWebCompleto,Oeste,12713,452067,43569,1856
11/17/2023,ProgramacionDesdeCero,Este,15441,14504,31189,967
8/10/2024,AprendeCSharpFacil,Sur,20286,329154,27940,774
4/6/2024,AprendeJavaScriptYA,Este,33994,160973,15029,1990
6/10/2024,AprendeJavaScriptYA,Sur,17225,371508,24873,1593
1/22/2024,ProgramacionDesdeCero,Este,44372,252033,8492,167
8/23/2023,AprendeCSharpFacil,Sur,47604,315995,29708,887
4/16/2024,DesarrolloWebCompleto,Oeste,27738,154621,47778,714
5/22/2024,ProgramacionParaTodos,Sur,47849,406398,13979,693
3/9/2024,ProgramacionDesdeCero,Norte,48862,403720,6504,1178
5/2/2024,ProgramacionDesdeCero,Oeste,31662,222948,18840,527
9/22/2023,CursosDeProgramacion,Sur,12845,399246,6849,1270
1/20/2024,CodigoFacilitoEnEspanol,Norte,43611,257804,47765,733
1/25/2024,ProgramacionParaTodos,Sur,48243,89417,19986,1715
9/5/2023,ProgramacionParaTodos,Norte,29727,232603,48282,930
12/23/2023,DesarrolloWebCompleto,Oeste,45317,28163,28900,379
9/12/2023,DesarrolloWebCompleto,Sur,11263,280027,29042,1532
8/2/2024,AprendeJavaScriptYA,Norte,12524,356993,46888,1770
6/18/2024,AprendeCSharpFacil,Norte,40009,419840,25463,1675
12/6/2023,AprendeJavaScriptYA,Oeste,38586,69114,45066,1814
6/11/2024,AprendeCSharpFacil,Este,36822,403391,9554,1787
6/1/2024,MasterEnPython,Este,7278,367897,18158,1483
1/27/2024,ProgramacionParaTodos,Sur,8106,172418,14938,1660
1/4/2024,DesarrolloWebCompleto,Norte,24033,355179,12248,381
7/20/2024,DesarrolloWebCompleto,Oeste,13996,45381,42178,827
8/25/2023,MasterEnPython,Oeste,15368,342706,12721,184
7/20/2024,AprendePythonFacil,Oeste,30113,375569,24247,917
10/19/2023,MasterEnPython,Este,12805,14735,23041,1567
7/19/2024,CursoDeJavaAvanzado,Oeste,39843,495226,14263,1810
1/5/2024,CursoDeJavaAvanzado,Norte,6340,58840,14593,776
12/15/2023,AprendeCSharpFacil,Norte,9512,41088,49538,955
5/4/2024,ProgramacionDesdeCero,Este,33306,344109,42937,1170
10/8/2023,ProgramacionParaTodos,Norte,25734,433345,37485,200
8/24/2023,CursosDeProgramacion,Este,33786,449964,32406,697
4/16/2024,DesarrolloWebCompleto,Oeste,36034,412527,38933,242
7/6/2024,ProgramacionParaTodos,Sur,27656,101671,46516,684
9/23/2023,DesarrolloWebCompleto,Oeste,27666,82618,24017,1980
4/1/2024,ProgramacionParaTodos,Oeste,21934,82040,37147,711
1/30/2024,DesarrolloWebCompleto,Sur,32078,8394,37753,369
1/10/2024,ProgramacionParaTodos,Norte,39029,367806,14390,1694
12/16/2023,AprendePythonFacil,Oeste,45632,237037,32664,1091
12/21/2023,CodigoFacilitoEnEspanol,Sur,36120,448990,39395,744
4/9/2024,DesarrolloWebCompleto,Norte,33915,449320,34329,1661
1/10/2024,CursoDeJavaAvanzado,Norte,17466,263263,19632,852
6/22/2024,MasterEnPython,Oeste,25869,145886,21049,1425
2/18/2024,CodigoFacilitoEnEspanol,Norte,25760,484869,7280,1873
5/31/2024,ProgramacionDesdeCero,Sur,28184,114362,30603,1394
4/23/2024,MasterEnPython,Sur,23560,82328,32245,1690
10/27/2023,CursoDeJavaAvanzado,Norte,34214,75913,27109,565
3/16/2024,ProgramacionParaTodos,Oeste,38214,204754,28206,626
11/1/2023,AprendePythonFacil,Oeste,33632,273780,8164,992
1/18/2024,AprendeJavaScriptYA,Este,26063,132513,12056,1236
11/3/2023,CursoDeJavaAvanzado,Este,33920,215933,34908,1824
8/18/2023,ProgramacionDesdeCero,Norte,39031,198892,45113,969
7/3/2024,ProgramacionParaTodos,Norte,35283,192413,27627,650
11/3/2023,AprendeCSharpFacil,Este,43604,183922,26920,1507
7/13/2024,ProgramacionParaTodos,Sur,27310,217143,47296,511
11/6/2023,MasterEnPython,Sur,48483,414055,39724,529
12/26/2023,CursosDeProgramacion,Norte,22747,129066,37392,324
12/7/2023,AprendeJavaScriptYA,Sur,19616,140344,17087,305
8/20/2023,AprendePythonFacil,Este,13780,384426,24440,1995
9/21/2023,DesarrolloWebCompleto,Este,39575,112665,25517,837
12/8/2023,MasterEnPython,Este,16046,382487,10842,711
7/3/2024,MasterEnPython,Norte,42151,65540,32590,731
4/9/2024,ProgramacionDesdeCero,Sur,19312,374467,22450,1361
10/4/2023,ProgramacionDesdeCero,Norte,47142,31632,35001,1956
6/25/2024,CursoDeJavaAvanzado,Oeste,14872,353008,15965,1361
7/17/2024,MasterEnPython,Este,5437,374501,40275,551
3/9/2024,AprendeJavaScriptYA,Oeste,39317,83636,9320,983
6/14/2024,CodigoFacilitoEnEspanol,Este,16182,165607,19530,716
8/10/2024,ProgramacionParaTodos,Norte,42899,357230,27211,326
3/18/2024,DesarrolloWebCompleto,Norte,8766,101004,39489,368
9/3/2023,AprendePythonFacil,Este,36177,252504,45605,1106
9/25/2023,AprendeCSharpFacil,Este,42582,19739,29248,1927
2/11/2024,AprendeJavaScriptYA,Sur,46728,157803,10559,1282
7/26/2024,CursosDeProgramacion,Este,14317,81785,33223,494
12/14/2023,AprendeJavaScriptYA,Norte,41897,461262,40441,986
10/12/2023,AprendeJavaScriptYA,Este,36866,436038,46743,1777
4/25/2024,AprendePythonFacil,Oeste,8457,454491,45667,219
9/22/2023,CursosDeProgramacion,Este,48095,417920,5821,229
2/14/2024,DesarrolloWebCompleto,Oeste,21221,20712,23496,1270
2/6/2024,DesarrolloWebCompleto,Sur,25494,378314,39000,1156
8/23/2023,AprendeJavaScriptYA,Sur,30021,108878,6183,261
2/18/2024,CursoDeJavaAvanzado,Sur,27640,148198,16173,899
6/18/2024,ProgramacionDesdeCero,Oeste,23977,298258,46945,1767
4/21/2024,MasterEnPython,Oeste,30383,119527,39787,389
10/21/2023,CursosDeProgramacion,Oeste,8447,253412,32803,602
5/26/2024,CodigoFacilitoEnEspanol,Norte,6200,9559,21242,1556
5/19/2024,AprendeJavaScriptYA,Norte,35444,386724,7557,1950
4/1/2024,CodigoFacilitoEnEspanol,Oeste,19153,78883,8627,673
4/27/2024,CursoDeJavaAvanzado,Sur,45902,322217,18039,1397
6/23/2024,AprendeJavaScriptYA,Oeste,17442,51819,35402,1227
6/18/2024,DesarrolloWebCompleto,Este,22768,405467,39871,573
10/17/2023,CursoDeJavaAvanzado,Oeste,30421,136303,12716,578
7/6/2024,CursoDeJavaAvanzado,Este,36949,491574,49602,1352
8/7/2024,AprendePythonFacil,Este,23275,332969,25543,1328
3/10/2024,CodigoFacilitoEnEspanol,Este,32404,330804,12342,1995
12/16/2023,DesarrolloWebCompleto,Norte,24771,91896,37104,748
7/3/2024,MasterEnPython,Sur,5537,156549,13939,994
8/20/2023,CodigoFacilitoEnEspanol,Este,19326,312457,42207,755
6/28/2024,AprendeJavaScriptYA,Norte,12379,15476,12412,1544
10/20/2023,ProgramacionParaTodos,Norte,35004,288049,37186,242
4/2/2024,ProgramacionParaTodos,Oeste,16127,303356,34964,1844
4/3/2024,ProgramacionDesdeCero,Oeste,31998,270632,30122,1940
11/25/2023,MasterEnPython,Este,24122,407434,12882,1749
9/25/2023,CodigoFacilitoEnEspanol,Norte,12586,156642,36850,1910
7/30/2024,AprendePythonFacil,Sur,24579,214070,8023,707
10/1/2023,DesarrolloWebCompleto,Norte,43161,160383,17465,178
3/15/2024,CodigoFacilitoEnEspanol,Este,28088,332793,34567,1607
3/4/2024,ProgramacionDesdeCero,Este,9325,481577,22011,645
6/24/2024,ProgramacionDesdeCero,Sur,11073,450198,46111,868
10/8/2023,MasterEnPython,Oeste,22117,472712,33014,852
2/7/2024,ProgramacionDesdeCero,Norte,8885,488542,30710,431
1/6/2024,CursosDeProgramacion,Sur,22259,307485,12382,469
10/21/2023,AprendeCSharpFacil,Sur,44264,164821,40245,1559
10/3/2023,ProgramacionDesdeCero,Sur,16170,62061,22113,1537
1/14/2024,AprendeJavaScriptYA,Este,39465,481022,8625,545
9/30/2023,CodigoFacilitoEnEspanol,Este,34441,209285,19369,1476
11/29/2023,ProgramacionDesdeCero,Sur,46060,239350,24624,316
12/23/2023,ProgramacionDesdeCero,Oeste,14341,141946,15395,1467
2/26/2024,MasterEnPython,Sur,45939,353111,6257,1457
6/25/2024,ProgramacionDesdeCero,Este,38964,107158,39277,698
2/12/2024,DesarrolloWebCompleto,Norte,44485,249269,40977,1716
5/16/2024,DesarrolloWebCompleto,Norte,34892,313793,10015,1781
11/5/2023,AprendePythonFacil,Oeste,8870,438591,47385,941
1/8/2024,ProgramacionParaTodos,Oeste,6458,331846,37094,196
4/12/2024,ProgramacionParaTodos,Oeste,30648,277713,38070,1888
12/4/2023,ProgramacionParaTodos,Este,30310,275087,17000,1912
1/19/2024,ProgramacionDesdeCero,Este,25977,495011,30405,1808
12/27/2023,CursoDeJavaAvanzado,Norte,34045,361401,15494,711
4/20/2024,MasterEnPython,Norte,44470,214563,34427,804
7/21/2024,MasterEnPython,Norte,27643,137862,20949,782
7/1/2024,AprendeJavaScriptYA,Sur,20844,411915,21458,264
12/5/2023,MasterEnPython,Norte,11198,13468,21421,665
4/5/2024,MasterEnPython,Sur,40813,419473,29255,560
2/14/2024,DesarrolloWebCompleto,Este,22808,87034,28228,402
8/1/2024,ProgramacionDesdeCero,Oeste,32845,162934,19356,967
5/2/2024,MasterEnPython,Oeste,12304,371879,10006,286
5/27/2024,AprendeJavaScriptYA,Este,47584,245141,31186,121
2/3/2024,ProgramacionDesdeCero,Este,46113,359691,10306,442
8/2/2024,CursoDeJavaAvanzado,Oeste,17826,257497,7012,1704
4/29/2024,ProgramacionDesdeCero,Oeste,7634,261680,7249,328
4/26/2024,AprendePythonFacil,Norte,48992,129271,13015,612
10/17/2023,AprendePythonFacil,Sur,20721,307433,40031,1051
12/14/2023,AprendeJavaScriptYA,Oeste,19669,19384,18034,1885
7/15/2024,CursoDeJavaAvanzado,Sur,9140,178806,8762,481
6/11/2024,AprendeCSharpFacil,Norte,36820,362361,7699,1550
4/7/2024,DesarrolloWebCompleto,Sur,39569,463420,41155,1861
12/23/2023,AprendePythonFacil,Oeste,11889,162945,22982,974
8/1/2024,MasterEnPython,Este,20741,444125,13222,1670
10/20/2023,ProgramacionParaTodos,Este,15286,280443,7058,1151
12/12/2023,CursoDeJavaAvanzado,Sur,25504,68647,40372,386
5/10/2024,CursosDeProgramacion,Oeste,35275,477375,49190,1228
9/22/2023,AprendeJavaScriptYA,Oeste,5363,449802,45580,126
9/8/2023,CodigoFacilitoEnEspanol,Sur,13994,299782,20936,1202
2/23/2024,ProgramacionParaTodos,Norte,30728,162596,46538,306
2/15/2024,DesarrolloWebCompleto,Norte,41293,96306,41278,1037
10/16/2023,AprendePythonFacil,Este,43055,377621,17759,1530
7/30/2024,DesarrolloWebCompleto,Norte,18367,443847,12550,1818
8/3/2024,CursosDeProgramacion,Sur,48111,418929,27583,1499
12/16/2023,CodigoFacilitoEnEspanol,Sur,39296,273683,46859,1690
1/11/2024,ProgramacionDesdeCero,Norte,28544,97379,30411,521
12/31/2023,DesarrolloWebCompleto,Sur,6853,337734,41920,1722
10/31/2023,AprendeCSharpFacil,Sur,46363,245170,25494,1694
3/9/2024,DesarrolloWebCompleto,Oeste,24371,349756,24081,1325
1/24/2024,AprendeCSharpFacil,Este,32013,268342,7058,233
4/15/2024,AprendeJavaScriptYA,Norte,12179,433763,36194,728
5/17/2024,CodigoFacilitoEnEspanol,Este,26918,448380,23932,1221
9/17/2023,MasterEnPython,Este,6737,15379,45548,1742
11/1/2023,DesarrolloWebCompleto,Oeste,39306,139914,16510,769
10/31/2023,AprendePythonFacil,Oeste,8053,475675,39916,311
11/12/2023,CursosDeProgramacion,Oeste,46272,331870,7781,1980
5/31/2024,AprendePythonFacil,Norte,17671,494534,10845,1490
10/31/2023,AprendeJavaScriptYA,Oeste,32840,400162,25178,456
11/19/2023,CursosDeProgramacion,Este,34362,249036,48187,287
1/27/2024,CursosDeProgramacion,Sur,46914,352790,28025,1428
8/30/2023,ProgramacionDesdeCero,Este,19165,15393,46239,463
9/22/2023,AprendeJavaScriptYA,Oeste,36503,191218,6763,813
5/4/2024,AprendePythonFacil,Sur,44877,443919,7349,612
8/11/2023,AprendeJavaScriptYA,Sur,6808,299421,29964,656
5/11/2024,CursoDeJavaAvanzado,Oeste,13769,347164,35560,668
6/21/2024,AprendeCSharpFacil,Norte,11354,445449,45911,1448
2/11/2024,CursoDeJavaAvanzado,Oeste,48246,201363,6056,400
8/13/2023,CursosDeProgramacion,Sur,47194,285981,18448,1416
3/11/2024,CursoDeJavaAvanzado,Norte,32144,367630,8837,1893
3/5/2024,ProgramacionParaTodos,Norte,38144,388114,9738,1760
12/8/2023,AprendePythonFacil,Este,40148,40292,33910,1702
11/12/2023,ProgramacionParaTodos,Oeste,18721,231394,19487,635
5/11/2024,ProgramacionDesdeCero,Sur,44451,49155,36607,1796
10/14/2023,CursosDeProgramacion,Oeste,27390,89655,5149,184
3/17/2024,ProgramacionParaTodos,Este,11631,206358,30567,744
8/18/2023,CursoDeJavaAvanzado,Este,29924,286338,5087,1511
1/4/2024,CodigoFacilitoEnEspanol,Este,47722,21788,35984,1375
6/13/2024,CursosDeProgramacion,Sur,45909,497497,10085,1444
10/30/2023,AprendeCSharpFacil,Oeste,18323,102445,39620,608
12/30/2023,ProgramacionDesdeCero,Este,41364,396999,37389,1777
5/18/2024,CodigoFacilitoEnEspanol,Norte,22108,96126,13698,1767
1/12/2024,DesarrolloWebCompleto,Este,6405,257092,26387,480
9/3/2023,MasterEnPython,Sur,5661,181136,11163,1449
10/24/2023,CodigoFacilitoEnEspanol,Sur,35121,435129,7585,450
5/22/2024,CodigoFacilitoEnEspanol,Sur,11518,463535,39136,1420
7/5/2024,AprendeCSharpFacil,Este,34709,406310,8394,1637
11/13/2023,AprendeCSharpFacil,Oeste,23836,388636,13133,1434
12/27/2023,CursoDeJavaAvanzado,Sur,7657,291640,17080,1324
3/22/2024,ProgramacionDesdeCero,Oeste,49190,317620,22282,1067
10/9/2023,AprendePythonFacil,Oeste,33856,293242,32136,1597
5/24/2024,CodigoFacilitoEnEspanol,Norte,31765,160407,21644,827
7/6/2024,CursosDeProgramacion,Sur,28348,417987,16452,1809
3/31/2024,CursosDeProgramacion,Este,35349,235792,25617,1784
12/6/2023,DesarrolloWebCompleto,Norte,19166,373099,23772,1883
7/1/2024,DesarrolloWebCompleto,Norte,36729,112372,17648,152
11/28/2023,CodigoFacilitoEnEspanol,Oeste,28740,376528,31400,856
12/20/2023,AprendeCSharpFacil,Sur,45304,107224,38925,1423
2/6/2024,CursosDeProgramacion,Sur,23050,234023,35952,340
8/19/2023,MasterEnPython,Este,7307,432162,12994,1807
6/18/2024,CursosDeProgramacion,Este,21779,195145,17809,1342
4/1/2024,CursosDeProgramacion,Oeste,29805,381302,19833,1152
5/18/2024,MasterEnPython,Oeste,33457,282612,24594,1100
7/23/2024,ProgramacionParaTodos,Este,29819,176797,14826,778
4/7/2024,ProgramacionDesdeCero,Oeste,48401,281966,12680,949
5/12/2024,CursosDeProgramacion,Sur,49996,79199,38665,1603
10/19/2023,MasterEnPython,Norte,32060,143108,20286,519
5/23/2024,AprendeJavaScriptYA,Norte,36518,255825,12211,472
8/28/2023,ProgramacionDesdeCero,Sur,37010,237158,21989,616
5/23/2024,CodigoFacilitoEnEspanol,Norte,31545,490317,24915,1722
10/25/2023,AprendePythonFacil,Sur,10911,254348,13817,617
8/23/2023,CodigoFacilitoEnEspanol,Oeste,41422,237795,43681,1931
3/6/2024,ProgramacionDesdeCero,Sur,9804,5064,38156,1441
5/7/2024,CursosDeProgramacion,Este,22068,435276,34668,577
9/15/2023,MasterEnPython,Oeste,22012,151714,33379,282
6/8/2024,AprendePythonFacil,Este,39066,412703,5830,945
3/20/2024,MasterEnPython,Oeste,8492,271501,23415,611
1/10/2024,CursoDeJavaAvanzado,Oeste,29587,99473,32469,753
10/31/2023,CursosDeProgramacion,Este,31943,248545,21555,882
1/29/2024,CodigoFacilitoEnEspanol,Oeste,34412,290921,37562,616
11/1/2023,DesarrolloWebCompleto,Sur,8828,367461,44047,1306
3/15/2024,MasterEnPython,Norte,24234,354569,31836,1937
11/26/2023,CursoDeJavaAvanzado,Norte,5016,23477,47768,456
12/8/2023,DesarrolloWebCompleto,Sur,20137,356523,37410,1197
11/6/2023,DesarrolloWebCompleto,Este,41105,491614,6711,1725
12/4/2023,DesarrolloWebCompleto,Norte,15509,349479,20643,463
1/28/2024,CursosDeProgramacion,Sur,12424,178723,17621,1086
4/1/2024,ProgramacionParaTodos,Oeste,13475,400527,49020,107
3/16/2024,ProgramacionDesdeCero,Sur,40893,388132,41581,980
4/29/2024,CodigoFacilitoEnEspanol,Oeste,28925,384035,28182,1601
4/23/2024,CursoDeJavaAvanzado,Oeste,16613,165981,39955,1007
11/15/2023,DesarrolloWebCompleto,Norte,5641,49815,15662,1359
6/20/2024,AprendeCSharpFacil,Norte,28535,352983,46780,1635
7/6/2024,CursoDeJavaAvanzado,Sur,29588,40026,18668,330
12/13/2023,AprendeCSharpFacil,Sur,24523,238325,5276,195
1/26/2024,AprendeCSharpFacil,Este,22159,437721,44179,442
1/17/2024,AprendeJavaScriptYA,Sur,47854,359512,20689,1674
8/21/2023,DesarrolloWebCompleto,Este,14704,301041,10286,582
